{"cameraMode":{"drawMode":0,"name":"Shaded","section":"Shading Mode"},"sceneLighting":false,"audioPlay":false,"sceneViewState":{"m_AlwaysRefresh":false,"showFog":true,"showSkybox":false,"showFlares":true,"showImageEffects":true,"showParticleSystems":true,"showVisualEffectGraphs":true,"m_FxEnabled":true},"in2DMode":false,"pivot":{"x":0.903999924659729,"y":0.19719676673412324,"z":-1.4901161193847657e-8},"rotation":{"x":-0.03720836713910103,"y":0.9101477265357971,"z":-0.08379562199115753,"w":-0.4041379988193512},"size":0.39041003584861758,"orthographic":false}