{"count":1,"self":26.034288,"total":26.510634999999997,"children":{"AgentSendState":{"count":1306,"self":0.012211,"total":0.018373,"children":{"CollectObservations":{"count":4192,"self":0.0050469999999999994,"total":0.0050469999999999994,"children":null},"CollectDiscreteActionMasks":{"count":4192,"self":0.0011149999999999999,"total":0.0011149999999999999,"children":null}}},"DecideAction":{"count":1306,"self":0.44627999999999995,"total":0.44627999999999995,"children":null},"AgentAct":{"count":1306,"self":0.010742999999999999,"total":0.010742999999999999,"children":null}},"gauges":{"Mummy.CumulativeReward":{"count":195,"max":0.999,"min":-2.00600028,"runningAverage":-0.9488202,"value":-1.009,"weightedAverage":-1.0006448}},"metadata":{"timer_format_version":"0.1.0","start_time_seconds":"1620894645","unity_version":"2020.3.6f1","command_line_arguments":"\/home\/blue\/Unity\/Hub\/Editor\/2020.3.6f1\/Editor\/Unity -projectpath \/home\/blue\/my_sim\/ML_Agent_test -useHub -hubIPC -cloudEnvironment production -hubSessionId ae9b4fa0-b3a2-11eb-bd9a-cb36b800f98f -accessToken 43Ha8C7XD7fRx12LpSA4cozFwpyDb1fArN32mmhjCfU00df","communication_protocol_version":"1.0.0","com.unity.ml-agents_version":"1.0.7","scene_name":"mummy","end_time_seconds":"1620894671"}}